{
	"pattrstorage" : 	{
		"name" : "keeper",
		"slots" : 		{
			"1" : 			{
				"id" : 1,
				"data" : 				{
					"dial#1" : [ 26 ],
					"multislider" : [ 18, 16, 19, 18, 12, 11, 13, 19, 19, 17, 15, 17, 17, 14, 11, 13, 13, 13, 15, 15, 20, 13, 10, 15, 12, 15, 18, 14, 18, 17, 14, 11, 11, 20, 16, 12, 21, 15, 12, 11, 14, 21, 18, 15, 17, 15, 9, 15, 15, 10, 14, 10, 21, 13, 12, 13, 24, 19 ],
					"multislider[1]" : [ 14, 26, 16, 25, 8, 12, 2, 3, 34, 5, 11, 21, 9, 6, 1, 13, 1, 13, 14, 14, 23, 12, 11, 3, 10, 20, 11, 4, 39, 18, 19, 9, 15, 15, 11, 2, 1, 24, 2, 2, 15, 5, 3, 5, 20, 10, 17, 5, 14, 15, 1, 2, 5, 11, 30, 13, 4, 25 ],
					"rslider" : [ 67, 988 ]
				}

			}
,
			"2" : 			{
				"id" : 2,
				"data" : 				{
					"dial#1" : [ 15 ],
					"multislider" : [ 18, 16, 19, 18, 12, 11, 16, 17, 17, 17, 17, 17, 18, 18, 18, 18, 19, 19, 19, 19, 20, 20, 20, 21, 21, 21, 21, 22, 22, 22, 22, 22, 23, 23, 23, 23, 23, 23, 23, 23, 23, 22, 22, 20, 19, 18, 17, 16, 14, 13, 12, 12, 11, 11, 10, 10, 10, 10 ],
					"multislider[1]" : [ 7, 11, 12, 13, 16, 16, 11, 12, 14, 16, 18, 19, 20, 16, 15, 15, 1, 13, 14, 14, 23, 12, 11, 3, 10, 20, 11, 4, 39, 18, 13, 15, 16, 17, 19, 20, 22, 23, 24, 25, 26, 27, 27, 23, 22, 20, 19, 15, 14, 15, 1, 2, 5, 11, 30, 13, 4, 25 ],
					"rslider" : [ 1602, 2791 ]
				}

			}
,
			"3" : 			{
				"id" : 3,
				"data" : 				{
					"dial#1" : [ 15 ],
					"multislider" : [ 18, 16, 19, 18, 12, 11, 16, 17, 17, 17, 17, 17, 18, 18, 18, 18, 19, 19, 8, 9, 9, 10, 12, 13, 15, 16, 17, 18, 19, 20, 21, 22, 24, 25, 26, 25, 24, 23, 20, 15, 12, 11, 10, 9, 7, 6, 5, 4, 3, 3, 5, 7, 7, 8, 8, 8, 9, 9 ],
					"multislider[1]" : [ 2, 2, 2, 2, 2, 2, 3, 3, 3, 3, 3, 3, 3, 3, 3, 3, 4, 4, 4, 4, 4, 4, 4, 4, 4, 4, 5, 5, 5, 5, 5, 5, 5, 6, 6, 6, 6, 7, 7, 7, 7, 8, 8, 8, 8, 9, 9, 9, 9, 10, 10, 10, 10, 10, 30, 13, 4, 25 ],
					"rslider" : [ 3060, 4149 ]
				}

			}
,
			"4" : 			{
				"id" : 4,
				"data" : 				{
					"dial#1" : [ 15 ],
					"multislider" : [ 25, 25, 13, 22, 26, 26, 25, 24, 23, 22, 21, 20, 19, 18, 17, 16, 15, 13, 12, 11, 10, 8, 31, 22, 36, 13, 13, 13, 13, 14, 14, 15, 15, 16, 17, 17, 18, 18, 19, 20, 22, 23, 24, 25, 25, 14, 13, 12, 12, 12, 10, 9, 9, 8, 21, 19, 7, 15 ],
					"multislider[1]" : [ 1, 2, 1, 1, 6, 6, 1, 1, 1, 1, 1, 1, 1, 1, 1, 2, 3, 7, 10, 12, 4, 2, 3, 11, 12, 13, 15, 16, 16, 17, 17, 17, 17, 18, 18, 18, 18, 18, 18, 18, 18, 17, 17, 17, 17, 8, 8, 10, 10, 10, 10, 10, 8, 8, 8, 4, 4, 4 ],
					"rslider" : [ 1986, 4149 ]
				}

			}
,
			"5" : 			{
				"id" : 5,
				"data" : 				{
					"dial#1" : [ 15 ],
					"multislider" : [ 25, 25, 13, 22, 16, 15, 16, 16, 16, 16, 16, 16, 16, 23, 23, 24, 24, 24, 24, 24, 24, 12, 12, 12, 12, 12, 12, 12, 12, 12, 12, 12, 3, 2, 2, 2, 2, 2, 2, 2, 2, 2, 15, 14, 14, 14, 14, 14, 14, 14, 14, 14, 14, 14, 14, 14, 14, 14 ],
					"multislider[1]" : [ 7, 6, 6, 6, 6, 20, 20, 1, 1, 1, 7, 7, 6, 6, 7, 27, 27, 27, 12, 12, 12, 24, 24, 24, 24, 24, 24, 24, 24, 24, 24, 24, 24, 18, 18, 18, 18, 18, 18, 18, 18, 20, 20, 19, 19, 19, 19, 19, 19, 19, 19, 19, 19, 8, 8, 8, 8, 8 ],
					"rslider" : [ 1525, 3751 ]
				}

			}
,
			"6" : 			{
				"id" : 6,
				"data" : 				{
					"dial#1" : [ 35 ],
					"multislider" : [ 11, 13, 14, 17, 19, 21, 22, 24, 25, 28, 30, 32, 45, 46, 47, 44, 44, 43, 43, 41, 40, 38, 37, 36, 32, 28, 24, 19, 17, 16, 16, 30, 30, 30, 33, 34, 35, 36, 37, 39, 40, 41, 43, 44, 44, 47, 49, 49, 50, 51, 51, 51, 39, 39, 33, 30, 19, 9 ],
					"multislider[1]" : [ 4, 6, 7, 9, 12, 16, 19, 23, 30, 37, 41, 42, 43, 44, 43, 43, 43, 42, 41, 39, 30, 20, 17, 17, 17, 17, 17, 17, 19, 20, 36, 39, 39, 39, 24, 23, 21, 21, 22, 23, 30, 35, 40, 41, 41, 41, 41, 40, 39, 37, 24, 20, 17, 15, 12, 11, 8, 8 ],
					"rslider" : [ 412, 2945 ]
				}

			}
,
			"7" : 			{
				"id" : 7,
				"data" : 				{
					"dial#1" : [ 35 ],
					"multislider" : [ 30, 30, 30, 30, 9, 8, 8, 8, 9, 9, 9, 10, 11, 12, 13, 13, 14, 15, 16, 17, 18, 19, 20, 21, 9, 8, 8, 8, 8, 8, 8, 8, 8, 8, 9, 9, 10, 10, 10, 11, 11, 11, 12, 12, 14, 15, 17, 20, 24, 25, 27, 27, 28, 28, 28, 30, 31, 35 ],
					"multislider[1]" : [ 4, 6, 7, 9, 12, 36, 39, 42, 43, 44, 45, 46, 45, 45, 44, 42, 40, 40, 39, 38, 36, 35, 32, 30, 27, 24, 21, 15, 10, 9, 25, 24, 23, 21, 19, 18, 16, 15, 13, 11, 9, 7, 5, 3, 3, 2, 3, 4, 7, 9, 10, 12, 14, 15, 16, 33, 8, 8 ],
					"rslider" : [ 0, 528 ]
				}

			}
,
			"8" : 			{
				"id" : 8,
				"data" : 				{
					"dial#1" : [ 35 ],
					"multislider" : [ 30, 30, 30, 30, 31, 31, 39, 38, 38, 36, 27, 23, 18, 18, 37, 41, 38, 34, 27, 26, 21, 17, 47, 46, 44, 39, 34, 22, 45, 39, 35, 30, 23, 19, 37, 36, 34, 31, 27, 24, 22, 19, 28, 27, 23, 19, 17, 15, 13, 13, 12, 11, 7, 4, 1, 50, 50, 56 ],
					"multislider[1]" : [ 4, 45, 44, 40, 36, 34, 33, 31, 29, 28, 26, 24, 22, 20, 17, 15, 13, 12, 10, 9, 7, 5, 36, 33, 30, 28, 26, 24, 20, 20, 48, 43, 41, 40, 38, 36, 34, 32, 29, 27, 25, 22, 20, 17, 15, 37, 33, 31, 29, 26, 24, 21, 19, 16, 13, 11, 10, 7 ],
					"rslider" : [ 0, 911 ]
				}

			}
,
			"9" : 			{
				"id" : 9,
				"data" : 				{
					"dial#1" : [ 0 ],
					"multislider" : [ 4, 4, 4, 4, 4, 5, 5, 5, 5, 5, 5, 6, 6, 6, 7, 7, 7, 8, 8, 9, 9, 8, 8, 8, 8, 8, 8, 7, 7, 7, 7, 7, 7, 7, 7, 7, 7, 7, 5, 4, 4, 4, 4, 4, 4, 3, 3, 3, 3, 3, 3, 2, 2, 2, 2, 2, 2, 2 ],
					"multislider[1]" : [ 2, 8, 8, 9, 9, 9, 9, 9, 7, 7, 4, 5, 5, 5, 6, 6, 6, 7, 7, 7, 8, 9, 9, 10, 8, 8, 8, 7, 7, 6, 5, 7, 8, 9, 10, 10, 10, 9, 8, 8, 7, 7, 7, 6, 5, 3, 3, 3, 4, 4, 4, 4, 4, 4, 4, 4, 4, 3 ],
					"rslider" : [  ]
				}

			}
,
			"10" : 			{
				"id" : 10,
				"data" : 				{
					"dial#1" : [ 0 ],
					"multislider" : [ 4, 4, 4, 4, 4, 5, 5, 5, 5, 5, 5, 6, 6, 6, 7, 7, 7, 8, 8, 9, 9, 8, 8, 8, 8, 8, 8, 7, 7, 7, 7, 7, 7, 7, 7, 7, 7, 7, 5, 4, 4, 4, 4, 4, 4, 3, 3, 3, 3, 3, 3, 2, 2, 2, 2, 2, 2, 2 ],
					"multislider[1]" : [ 2, 8, 8, 9, 9, 9, 9, 9, 7, 7, 4, 5, 5, 5, 6, 6, 6, 7, 7, 7, 8, 9, 9, 10, 8, 8, 8, 7, 7, 6, 5, 7, 8, 9, 10, 10, 10, 9, 8, 8, 7, 7, 7, 6, 5, 3, 3, 3, 4, 4, 4, 4, 4, 4, 4, 4, 4, 3 ],
					"rslider" : [ 950, 3022 ]
				}

			}
,
			"20" : 			{
				"id" : 20,
				"data" : 				{
					"dial#1" : [ 15 ],
					"multislider" : [ 20, 23, 7, 15, 12, 5, 15, 12, 10, 15, 10, 12, 10, 18, 15, 13, 17, 21, 17, 21, 12, 7, 12, 8, 10, 6, 8, 9, 8, 3, 7, 5, 22, 20, 18, 22, 26, 20, 25, 20, 19, 23, 13, 9, 10, 6, 7, 13, 8, 9, 14, 3, 10, 7, 6, 9, 6, 12 ],
					"multislider[1]" : [ 3, 6, 19, 21, 21, 18, 22, 2, 1, 1, 28, 31, 36, 30, 37, 26, 32, 21, 10, 12, 11, 21, 16, 24, 26, 18, 15, 18, 25, 28, 20, 21, 20, 13, 17, 12, 21, 18, 15, 17, 13, 15, 18, 14, 17, 14, 17, 24, 16, 17, 16, 14, 8, 10, 4, 4, 4, 11 ],
					"rslider" : [  ]
				}

			}

		}

	}

}
